region,country
"Africa (R10)",AGO
"Africa (R10)",BEN
"Africa (R10)",BWA
"Africa (R10)",BFA
"Africa (R10)",BDI
"Africa (R10)",CPV
"Africa (R10)",CMR
"Africa (R10)",CAF
"Africa (R10)",TCD
"Africa (R10)",COM
"Africa (R10)",COG
"Africa (R10)",CIV
"Africa (R10)",COD
"Africa (R10)",DJI
"Africa (R10)",GNQ
"Africa (R10)",ERI
"Africa (R10)",SWZ
"Africa (R10)",ETH
"Africa (R10)",GAB
"Africa (R10)",GMB
"Africa (R10)",GHA
"Africa (R10)",GIN
"Africa (R10)",GNB
"Africa (R10)",KEN
"Africa (R10)",LSO
"Africa (R10)",LBR
"Africa (R10)",MDG
"Africa (R10)",MWI
"Africa (R10)",MLI
"Africa (R10)",MRT
"Africa (R10)",MUS
"Africa (R10)",MOZ
"Africa (R10)",NAM
"Africa (R10)",NER
"Africa (R10)",NGA
"Africa (R10)",RWA
"Africa (R10)",SHN
"Africa (R10)",STP
"Africa (R10)",SEN
"Africa (R10)",SYC
"Africa (R10)",SLE
"Africa (R10)",SOM
"Africa (R10)",ZAF
"Africa (R10)",TZA
"Africa (R10)",TGO
"Africa (R10)",UGA
"Africa (R10)",ESH
"Africa (R10)",ZMB
"Africa (R10)",ZWE
"China+ (R10)",KHM
"China+ (R10)",CHN
"China+ (R10)",HKG
"China+ (R10)",LAO
"China+ (R10)",MAC
"China+ (R10)",MNG
"China+ (R10)",PRK
"China+ (R10)",VNM
"Europe (R10)",ALB
"Europe (R10)",AND
"Europe (R10)",AUT
"Europe (R10)",BEL
"Europe (R10)",BIH
"Europe (R10)",IOT
"Europe (R10)",VGB
"Europe (R10)",BGR
"Europe (R10)",HRV
"Europe (R10)",CYP
"Europe (R10)",CZE
"Europe (R10)",DNK
"Europe (R10)",EST
"Europe (R10)",FRO
"Europe (R10)",FIN
"Europe (R10)",FRA
"Europe (R10)",DEU
"Europe (R10)",GIB
"Europe (R10)",GRC
"Europe (R10)",GRL
"Europe (R10)",GGY
"Europe (R10)",HUN
"Europe (R10)",ISL
"Europe (R10)",IRL
"Europe (R10)",IMN
"Europe (R10)",ITA
"Europe (R10)",JEY
"Europe (R10)",XKX
"Europe (R10)",LVA
"Europe (R10)",LIE
"Europe (R10)",LTU
"Europe (R10)",LUX
"Europe (R10)",MLT
"Europe (R10)",MYT
"Europe (R10)",MCO
"Europe (R10)",MNE
"Europe (R10)",NLD
"Europe (R10)",NFK
"Europe (R10)",MKD
"Europe (R10)",NOR
"Europe (R10)",PCN
"Europe (R10)",POL
"Europe (R10)",PRT
"Europe (R10)",ROU
"Europe (R10)",REU
"Europe (R10)",BLM
"Europe (R10)",MAF
"Europe (R10)",SPM
"Europe (R10)",SMR
"Europe (R10)",SRB
"Europe (R10)",SVK
"Europe (R10)",SVN
"Europe (R10)",SGS
"Europe (R10)",ESP
"Europe (R10)",SJM
"Europe (R10)",SWE
"Europe (R10)",CHE
"Europe (R10)",TUR
"Europe (R10)",GBR
"Europe (R10)",VAT
"Europe (R10)",WLF
"Europe (R10)",ALA
"India+ (R10)",AFG
"India+ (R10)",BGD
"India+ (R10)",BTN
"India+ (R10)",IND
"India+ (R10)",MDV
"India+ (R10)",NPL
"India+ (R10)",PAK
"India+ (R10)",LKA
"Latin America (R10)",AIA
"Latin America (R10)",ATG
"Latin America (R10)",ARG
"Latin America (R10)",ABW
"Latin America (R10)",BHS
"Latin America (R10)",BRB
"Latin America (R10)",BLZ
"Latin America (R10)",BMU
"Latin America (R10)",BOL
"Latin America (R10)",BES
"Latin America (R10)",BRA
"Latin America (R10)",CYM
"Latin America (R10)",CHL
"Latin America (R10)",COL
"Latin America (R10)",CRI
"Latin America (R10)",CUB
"Latin America (R10)",CUW
"Latin America (R10)",DMA
"Latin America (R10)",DOM
"Latin America (R10)",ECU
"Latin America (R10)",SLV
"Latin America (R10)",FLK
"Latin America (R10)",GUF
"Latin America (R10)",GRD
"Latin America (R10)",GLP
"Latin America (R10)",GTM
"Latin America (R10)",GUY
"Latin America (R10)",HTI
"Latin America (R10)",HND
"Latin America (R10)",JAM
"Latin America (R10)",MTQ
"Latin America (R10)",MEX
"Latin America (R10)",MSR
"Latin America (R10)",NIC
"Latin America (R10)",PAN
"Latin America (R10)",PRY
"Latin America (R10)",PER
"Latin America (R10)",KNA
"Latin America (R10)",LCA
"Latin America (R10)",VCT
"Latin America (R10)",SUR
"Latin America (R10)",TTO
"Latin America (R10)",TCA
"Latin America (R10)",URY
"Latin America (R10)",VEN
"Middle East (R10)",DZA
"Middle East (R10)",BHR
"Middle East (R10)",EGY
"Middle East (R10)",IRN
"Middle East (R10)",IRQ
"Middle East (R10)",ISR
"Middle East (R10)",JOR
"Middle East (R10)",KWT
"Middle East (R10)",LBN
"Middle East (R10)",LBY
"Middle East (R10)",MAR
"Middle East (R10)",OMN
"Middle East (R10)",PSE
"Middle East (R10)",QAT
"Middle East (R10)",SAU
"Middle East (R10)",SSD
"Middle East (R10)",SDN
"Middle East (R10)",SYR
"Middle East (R10)",TUN
"Middle East (R10)",ARE
"Middle East (R10)",YEM
"North America (R10)",CAN
"North America (R10)",GUM
"North America (R10)",PRI
"North America (R10)",USA
"North America (R10)",UMI
"North America (R10)",VIR
"Pacific OECD (R10)",AUS
"Pacific OECD (R10)",CXR
"Pacific OECD (R10)",HMD
"Pacific OECD (R10)",JPN
"Pacific OECD (R10)",NZL
"Pacific OECD (R10)",TKL
"Reforming Economies (R10)",ARM
"Reforming Economies (R10)",AZE
"Reforming Economies (R10)",BLR
"Reforming Economies (R10)",GEO
"Reforming Economies (R10)",KAZ
"Reforming Economies (R10)",KGZ
"Reforming Economies (R10)",MDA
"Reforming Economies (R10)",RUS
"Reforming Economies (R10)",TJK
"Reforming Economies (R10)",TKM
"Reforming Economies (R10)",UKR
"Reforming Economies (R10)",UZB
"Rest of Asia (R10)",ASM
"Rest of Asia (R10)",BRN
"Rest of Asia (R10)",CCK
"Rest of Asia (R10)",COK
"Rest of Asia (R10)",FJI
"Rest of Asia (R10)",PYF
"Rest of Asia (R10)",IDN
"Rest of Asia (R10)",KIR
"Rest of Asia (R10)",MYS
"Rest of Asia (R10)",MHL
"Rest of Asia (R10)",FSM
"Rest of Asia (R10)",MMR
"Rest of Asia (R10)",NRU
"Rest of Asia (R10)",NCL
"Rest of Asia (R10)",NIU
"Rest of Asia (R10)",MNP
"Rest of Asia (R10)",PLW
"Rest of Asia (R10)",PNG
"Rest of Asia (R10)",PHL
"Rest of Asia (R10)",WSM
"Rest of Asia (R10)",SGP
"Rest of Asia (R10)",SLB
"Rest of Asia (R10)",KOR
"Rest of Asia (R10)",TWN
"Rest of Asia (R10)",THA
"Rest of Asia (R10)",TLS
"Rest of Asia (R10)",TON
"Rest of Asia (R10)",TUV
"Rest of Asia (R10)",VUT
